,model,filename,download_url,opendap_url,r,i,p,f,Varient,period,Var,grid,timeStep,start,stop
0,KIOST-ESM,tas_day_KIOST-ESM_abrupt-4xCO2_r1i1p1f1_gr1_18500101-20001231.nc,http://polaris.pknu.ac.kr/thredds/fileServer/cmip6/CMIP6/CMIP/KIOST/KIOST-ESM/abrupt-4xCO2/r1i1p1f1/day/tas/gr1/v20210601/tas_day_KIOST-ESM_abrupt-4xCO2_r1i1p1f1_gr1_18500101-20001231.nc,http://polaris.pknu.ac.kr/thredds/dodsC/cmip6/CMIP6/CMIP/KIOST/KIOST-ESM/abrupt-4xCO2/r1i1p1f1/day/tas/gr1/v20210601/tas_day_KIOST-ESM_abrupt-4xCO2_r1i1p1f1_gr1_18500101-20001231.nc,1,1,1,1,r1i1p1f1,abrupt-4xCO2,tas,gr1,day,1850,2000
1,KIOST-ESM,tas_day_KIOST-ESM_abrupt-4xCO2_r1i1p1f1_gr1_18500101-20001231.nc,https://esgf-data1.llnl.gov/thredds/fileServer/css03_data/CMIP6/CMIP/KIOST/KIOST-ESM/abrupt-4xCO2/r1i1p1f1/day/tas/gr1/v20191202/tas_day_KIOST-ESM_abrupt-4xCO2_r1i1p1f1_gr1_18500101-20001231.nc,https://esgf-data1.llnl.gov/thredds/dodsC/css03_data/CMIP6/CMIP/KIOST/KIOST-ESM/abrupt-4xCO2/r1i1p1f1/day/tas/gr1/v20191202/tas_day_KIOST-ESM_abrupt-4xCO2_r1i1p1f1_gr1_18500101-20001231.nc,1,1,1,1,r1i1p1f1,abrupt-4xCO2,tas,gr1,day,1850,2000
2,KIOST-ESM,tas_day_KIOST-ESM_abrupt-4xCO2_r1i1p1f1_gr1_18500101-20001231.nc,https://esgf-data1.llnl.gov/thredds/fileServer/css03_data/CMIP6/CMIP/KIOST/KIOST-ESM/abrupt-4xCO2/r1i1p1f1/day/tas/gr1/v20210601/tas_day_KIOST-ESM_abrupt-4xCO2_r1i1p1f1_gr1_18500101-20001231.nc,https://esgf-data1.llnl.gov/thredds/dodsC/css03_data/CMIP6/CMIP/KIOST/KIOST-ESM/abrupt-4xCO2/r1i1p1f1/day/tas/gr1/v20210601/tas_day_KIOST-ESM_abrupt-4xCO2_r1i1p1f1_gr1_18500101-20001231.nc,1,1,1,1,r1i1p1f1,abrupt-4xCO2,tas,gr1,day,1850,2000
3,KIOST-ESM,tas_day_KIOST-ESM_abrupt-4xCO2_r1i1p1f1_gr1_18500101-20001231.nc,https://esgf.ceda.ac.uk/thredds/fileServer/esg_cmip6/CMIP6/CMIP/KIOST/KIOST-ESM/abrupt-4xCO2/r1i1p1f1/day/tas/gr1/v20191202/tas_day_KIOST-ESM_abrupt-4xCO2_r1i1p1f1_gr1_18500101-20001231.nc,https://esgf.ceda.ac.uk/thredds/dodsC/esg_cmip6/CMIP6/CMIP/KIOST/KIOST-ESM/abrupt-4xCO2/r1i1p1f1/day/tas/gr1/v20191202/tas_day_KIOST-ESM_abrupt-4xCO2_r1i1p1f1_gr1_18500101-20001231.nc,1,1,1,1,r1i1p1f1,abrupt-4xCO2,tas,gr1,day,1850,2000
4,KIOST-ESM,tas_day_KIOST-ESM_abrupt-4xCO2_r1i1p1f1_gr1_18500101-20001231.nc,http://esgf.nci.org.au/thredds/fileServer/replica/CMIP6/CMIP/KIOST/KIOST-ESM/abrupt-4xCO2/r1i1p1f1/day/tas/gr1/v20191202/tas_day_KIOST-ESM_abrupt-4xCO2_r1i1p1f1_gr1_18500101-20001231.nc,http://esgf.nci.org.au/thredds/dodsC/replica/CMIP6/CMIP/KIOST/KIOST-ESM/abrupt-4xCO2/r1i1p1f1/day/tas/gr1/v20191202/tas_day_KIOST-ESM_abrupt-4xCO2_r1i1p1f1_gr1_18500101-20001231.nc,1,1,1,1,r1i1p1f1,abrupt-4xCO2,tas,gr1,day,1850,2000
5,KIOST-ESM,huss_day_KIOST-ESM_abrupt-4xCO2_r1i1p1f1_gr1_18500101-20001231.nc,http://polaris.pknu.ac.kr/thredds/fileServer/cmip6/CMIP6/CMIP/KIOST/KIOST-ESM/abrupt-4xCO2/r1i1p1f1/day/huss/gr1/v20210601/huss_day_KIOST-ESM_abrupt-4xCO2_r1i1p1f1_gr1_18500101-20001231.nc,http://polaris.pknu.ac.kr/thredds/dodsC/cmip6/CMIP6/CMIP/KIOST/KIOST-ESM/abrupt-4xCO2/r1i1p1f1/day/huss/gr1/v20210601/huss_day_KIOST-ESM_abrupt-4xCO2_r1i1p1f1_gr1_18500101-20001231.nc,1,1,1,1,r1i1p1f1,abrupt-4xCO2,huss,gr1,day,1850,2000
6,KIOST-ESM,huss_day_KIOST-ESM_abrupt-4xCO2_r1i1p1f1_gr1_18500101-20001231.nc,https://esgf-data1.llnl.gov/thredds/fileServer/css03_data/CMIP6/CMIP/KIOST/KIOST-ESM/abrupt-4xCO2/r1i1p1f1/day/huss/gr1/v20210601/huss_day_KIOST-ESM_abrupt-4xCO2_r1i1p1f1_gr1_18500101-20001231.nc,https://esgf-data1.llnl.gov/thredds/dodsC/css03_data/CMIP6/CMIP/KIOST/KIOST-ESM/abrupt-4xCO2/r1i1p1f1/day/huss/gr1/v20210601/huss_day_KIOST-ESM_abrupt-4xCO2_r1i1p1f1_gr1_18500101-20001231.nc,1,1,1,1,r1i1p1f1,abrupt-4xCO2,huss,gr1,day,1850,2000
7,KIOST-ESM,huss_day_KIOST-ESM_abrupt-4xCO2_r1i1p1f1_gr1_18500101-20001231.nc,https://esgf-data1.llnl.gov/thredds/fileServer/css03_data/CMIP6/CMIP/KIOST/KIOST-ESM/abrupt-4xCO2/r1i1p1f1/day/huss/gr1/v20191202/huss_day_KIOST-ESM_abrupt-4xCO2_r1i1p1f1_gr1_18500101-20001231.nc,https://esgf-data1.llnl.gov/thredds/dodsC/css03_data/CMIP6/CMIP/KIOST/KIOST-ESM/abrupt-4xCO2/r1i1p1f1/day/huss/gr1/v20191202/huss_day_KIOST-ESM_abrupt-4xCO2_r1i1p1f1_gr1_18500101-20001231.nc,1,1,1,1,r1i1p1f1,abrupt-4xCO2,huss,gr1,day,1850,2000
8,KIOST-ESM,ps_Amon_KIOST-ESM_abrupt-4xCO2_r1i1p1f1_gr1_185001-200012.nc,http://esgf-data04.diasjp.net/thredds/fileServer/esg_dataroot/CMIP6/CMIP/KIOST/KIOST-ESM/abrupt-4xCO2/r1i1p1f1/Amon/ps/gr1/v20210601/ps_Amon_KIOST-ESM_abrupt-4xCO2_r1i1p1f1_gr1_185001-200012.nc,http://esgf-data04.diasjp.net/thredds/dodsC/esg_dataroot/CMIP6/CMIP/KIOST/KIOST-ESM/abrupt-4xCO2/r1i1p1f1/Amon/ps/gr1/v20210601/ps_Amon_KIOST-ESM_abrupt-4xCO2_r1i1p1f1_gr1_185001-200012.nc,1,1,1,1,r1i1p1f1,abrupt-4xCO2,ps,gr1,mon,1850,2000
9,KIOST-ESM,ps_Amon_KIOST-ESM_abrupt-4xCO2_r1i1p1f1_gr1_185001-200012.nc,https://esgf-data1.llnl.gov/thredds/fileServer/css03_data/CMIP6/CMIP/KIOST/KIOST-ESM/abrupt-4xCO2/r1i1p1f1/Amon/ps/gr1/v20210601/ps_Amon_KIOST-ESM_abrupt-4xCO2_r1i1p1f1_gr1_185001-200012.nc,https://esgf-data1.llnl.gov/thredds/dodsC/css03_data/CMIP6/CMIP/KIOST/KIOST-ESM/abrupt-4xCO2/r1i1p1f1/Amon/ps/gr1/v20210601/ps_Amon_KIOST-ESM_abrupt-4xCO2_r1i1p1f1_gr1_185001-200012.nc,1,1,1,1,r1i1p1f1,abrupt-4xCO2,ps,gr1,mon,1850,2000
10,KIOST-ESM,ps_Amon_KIOST-ESM_abrupt-4xCO2_r1i1p1f1_gr1_185001-200012.nc,https://esgf-data1.llnl.gov/thredds/fileServer/css03_data/CMIP6/CMIP/KIOST/KIOST-ESM/abrupt-4xCO2/r1i1p1f1/Amon/ps/gr1/v20191106/ps_Amon_KIOST-ESM_abrupt-4xCO2_r1i1p1f1_gr1_185001-200012.nc,https://esgf-data1.llnl.gov/thredds/dodsC/css03_data/CMIP6/CMIP/KIOST/KIOST-ESM/abrupt-4xCO2/r1i1p1f1/Amon/ps/gr1/v20191106/ps_Amon_KIOST-ESM_abrupt-4xCO2_r1i1p1f1_gr1_185001-200012.nc,1,1,1,1,r1i1p1f1,abrupt-4xCO2,ps,gr1,mon,1850,2000
11,KIOST-ESM,ps_Amon_KIOST-ESM_abrupt-4xCO2_r1i1p1f1_gr1_185001-200012.nc,http://polaris.pknu.ac.kr/thredds/fileServer/cmip6/CMIP6/CMIP/KIOST/KIOST-ESM/abrupt-4xCO2/r1i1p1f1/Amon/ps/gr1/v20210601/ps_Amon_KIOST-ESM_abrupt-4xCO2_r1i1p1f1_gr1_185001-200012.nc,http://polaris.pknu.ac.kr/thredds/dodsC/cmip6/CMIP6/CMIP/KIOST/KIOST-ESM/abrupt-4xCO2/r1i1p1f1/Amon/ps/gr1/v20210601/ps_Amon_KIOST-ESM_abrupt-4xCO2_r1i1p1f1_gr1_185001-200012.nc,1,1,1,1,r1i1p1f1,abrupt-4xCO2,ps,gr1,mon,1850,2000
12,KIOST-ESM,ps_Amon_KIOST-ESM_abrupt-4xCO2_r1i1p1f1_gr1_185001-200012.nc,http://esgf.nci.org.au/thredds/fileServer/replica/CMIP6/CMIP/KIOST/KIOST-ESM/abrupt-4xCO2/r1i1p1f1/Amon/ps/gr1/v20191106/ps_Amon_KIOST-ESM_abrupt-4xCO2_r1i1p1f1_gr1_185001-200012.nc,http://esgf.nci.org.au/thredds/dodsC/replica/CMIP6/CMIP/KIOST/KIOST-ESM/abrupt-4xCO2/r1i1p1f1/Amon/ps/gr1/v20191106/ps_Amon_KIOST-ESM_abrupt-4xCO2_r1i1p1f1_gr1_185001-200012.nc,1,1,1,1,r1i1p1f1,abrupt-4xCO2,ps,gr1,mon,1850,2000
13,KIOST-ESM,tas_day_KIOST-ESM_piControl_r1i1p1f1_gr1_26890101-31881231.nc,https://esgf-data1.llnl.gov/thredds/fileServer/css03_data/CMIP6/CMIP/KIOST/KIOST-ESM/piControl/r1i1p1f1/day/tas/gr1/v20191202/tas_day_KIOST-ESM_piControl_r1i1p1f1_gr1_26890101-31881231.nc,https://esgf-data1.llnl.gov/thredds/dodsC/css03_data/CMIP6/CMIP/KIOST/KIOST-ESM/piControl/r1i1p1f1/day/tas/gr1/v20191202/tas_day_KIOST-ESM_piControl_r1i1p1f1_gr1_26890101-31881231.nc,1,1,1,1,r1i1p1f1,piControl,tas,gr1,day,2689,3188
14,KIOST-ESM,tas_day_KIOST-ESM_piControl_r1i1p1f1_gr1_31890101-33381231.nc,https://esgf-data1.llnl.gov/thredds/fileServer/css03_data/CMIP6/CMIP/KIOST/KIOST-ESM/piControl/r1i1p1f1/day/tas/gr1/v20210322/tas_day_KIOST-ESM_piControl_r1i1p1f1_gr1_31890101-33381231.nc,https://esgf-data1.llnl.gov/thredds/dodsC/css03_data/CMIP6/CMIP/KIOST/KIOST-ESM/piControl/r1i1p1f1/day/tas/gr1/v20210322/tas_day_KIOST-ESM_piControl_r1i1p1f1_gr1_31890101-33381231.nc,1,1,1,1,r1i1p1f1,piControl,tas,gr1,day,3189,3338
15,KIOST-ESM,tas_day_KIOST-ESM_piControl_r1i1p1f1_gr1_31890101-33381231.nc,http://polaris.pknu.ac.kr/thredds/fileServer/cmip6/CMIP6/CMIP/KIOST/KIOST-ESM/piControl/r1i1p1f1/day/tas/gr1/v20210322/tas_day_KIOST-ESM_piControl_r1i1p1f1_gr1_31890101-33381231.nc,http://polaris.pknu.ac.kr/thredds/dodsC/cmip6/CMIP6/CMIP/KIOST/KIOST-ESM/piControl/r1i1p1f1/day/tas/gr1/v20210322/tas_day_KIOST-ESM_piControl_r1i1p1f1_gr1_31890101-33381231.nc,1,1,1,1,r1i1p1f1,piControl,tas,gr1,day,3189,3338
16,KIOST-ESM,tas_day_KIOST-ESM_piControl_r1i1p1f1_gr1_26890101-31881231.nc,http://polaris.pknu.ac.kr/thredds/fileServer/cmip6/CMIP6/CMIP/KIOST/KIOST-ESM/piControl/r1i1p1f1/day/tas/gr1/v20191202/tas_day_KIOST-ESM_piControl_r1i1p1f1_gr1_26890101-31881231.nc,http://polaris.pknu.ac.kr/thredds/dodsC/cmip6/CMIP6/CMIP/KIOST/KIOST-ESM/piControl/r1i1p1f1/day/tas/gr1/v20191202/tas_day_KIOST-ESM_piControl_r1i1p1f1_gr1_26890101-31881231.nc,1,1,1,1,r1i1p1f1,piControl,tas,gr1,day,2689,3188
17,KIOST-ESM,tas_day_KIOST-ESM_piControl_r1i1p1f1_gr1_26890101-31881231.nc,https://esgf.ceda.ac.uk/thredds/fileServer/esg_cmip6/CMIP6/CMIP/KIOST/KIOST-ESM/piControl/r1i1p1f1/day/tas/gr1/v20191202/tas_day_KIOST-ESM_piControl_r1i1p1f1_gr1_26890101-31881231.nc,https://esgf.ceda.ac.uk/thredds/dodsC/esg_cmip6/CMIP6/CMIP/KIOST/KIOST-ESM/piControl/r1i1p1f1/day/tas/gr1/v20191202/tas_day_KIOST-ESM_piControl_r1i1p1f1_gr1_26890101-31881231.nc,1,1,1,1,r1i1p1f1,piControl,tas,gr1,day,2689,3188
18,KIOST-ESM,tas_day_KIOST-ESM_piControl_r1i1p1f1_gr1_31890101-33381231.nc,https://esgf.ceda.ac.uk/thredds/fileServer/esg_cmip6/CMIP6/CMIP/KIOST/KIOST-ESM/piControl/r1i1p1f1/day/tas/gr1/v20210322/tas_day_KIOST-ESM_piControl_r1i1p1f1_gr1_31890101-33381231.nc,https://esgf.ceda.ac.uk/thredds/dodsC/esg_cmip6/CMIP6/CMIP/KIOST/KIOST-ESM/piControl/r1i1p1f1/day/tas/gr1/v20210322/tas_day_KIOST-ESM_piControl_r1i1p1f1_gr1_31890101-33381231.nc,1,1,1,1,r1i1p1f1,piControl,tas,gr1,day,3189,3338
19,KIOST-ESM,huss_day_KIOST-ESM_piControl_r1i1p1f1_gr1_26890101-31881231.nc,https://esgf-data1.llnl.gov/thredds/fileServer/css03_data/CMIP6/CMIP/KIOST/KIOST-ESM/piControl/r1i1p1f1/day/huss/gr1/v20191202/huss_day_KIOST-ESM_piControl_r1i1p1f1_gr1_26890101-31881231.nc,https://esgf-data1.llnl.gov/thredds/dodsC/css03_data/CMIP6/CMIP/KIOST/KIOST-ESM/piControl/r1i1p1f1/day/huss/gr1/v20191202/huss_day_KIOST-ESM_piControl_r1i1p1f1_gr1_26890101-31881231.nc,1,1,1,1,r1i1p1f1,piControl,huss,gr1,day,2689,3188
20,KIOST-ESM,huss_day_KIOST-ESM_piControl_r1i1p1f1_gr1_31890101-33381231.nc,https://esgf-data1.llnl.gov/thredds/fileServer/css03_data/CMIP6/CMIP/KIOST/KIOST-ESM/piControl/r1i1p1f1/day/huss/gr1/v20210322/huss_day_KIOST-ESM_piControl_r1i1p1f1_gr1_31890101-33381231.nc,https://esgf-data1.llnl.gov/thredds/dodsC/css03_data/CMIP6/CMIP/KIOST/KIOST-ESM/piControl/r1i1p1f1/day/huss/gr1/v20210322/huss_day_KIOST-ESM_piControl_r1i1p1f1_gr1_31890101-33381231.nc,1,1,1,1,r1i1p1f1,piControl,huss,gr1,day,3189,3338
21,KIOST-ESM,huss_day_KIOST-ESM_piControl_r1i1p1f1_gr1_31890101-33381231.nc,http://polaris.pknu.ac.kr/thredds/fileServer/cmip6/CMIP6/CMIP/KIOST/KIOST-ESM/piControl/r1i1p1f1/day/huss/gr1/v20210322/huss_day_KIOST-ESM_piControl_r1i1p1f1_gr1_31890101-33381231.nc,http://polaris.pknu.ac.kr/thredds/dodsC/cmip6/CMIP6/CMIP/KIOST/KIOST-ESM/piControl/r1i1p1f1/day/huss/gr1/v20210322/huss_day_KIOST-ESM_piControl_r1i1p1f1_gr1_31890101-33381231.nc,1,1,1,1,r1i1p1f1,piControl,huss,gr1,day,3189,3338
22,KIOST-ESM,huss_day_KIOST-ESM_piControl_r1i1p1f1_gr1_26890101-31881231.nc,http://polaris.pknu.ac.kr/thredds/fileServer/cmip6/CMIP6/CMIP/KIOST/KIOST-ESM/piControl/r1i1p1f1/day/huss/gr1/v20191202/huss_day_KIOST-ESM_piControl_r1i1p1f1_gr1_26890101-31881231.nc,http://polaris.pknu.ac.kr/thredds/dodsC/cmip6/CMIP6/CMIP/KIOST/KIOST-ESM/piControl/r1i1p1f1/day/huss/gr1/v20191202/huss_day_KIOST-ESM_piControl_r1i1p1f1_gr1_26890101-31881231.nc,1,1,1,1,r1i1p1f1,piControl,huss,gr1,day,2689,3188
23,KIOST-ESM,huss_day_KIOST-ESM_piControl_r1i1p1f1_gr1_26890101-31881231.nc,https://esgf.ceda.ac.uk/thredds/fileServer/esg_cmip6/CMIP6/CMIP/KIOST/KIOST-ESM/piControl/r1i1p1f1/day/huss/gr1/v20191202/huss_day_KIOST-ESM_piControl_r1i1p1f1_gr1_26890101-31881231.nc,https://esgf.ceda.ac.uk/thredds/dodsC/esg_cmip6/CMIP6/CMIP/KIOST/KIOST-ESM/piControl/r1i1p1f1/day/huss/gr1/v20191202/huss_day_KIOST-ESM_piControl_r1i1p1f1_gr1_26890101-31881231.nc,1,1,1,1,r1i1p1f1,piControl,huss,gr1,day,2689,3188
24,KIOST-ESM,huss_day_KIOST-ESM_piControl_r1i1p1f1_gr1_31890101-33381231.nc,https://esgf.ceda.ac.uk/thredds/fileServer/esg_cmip6/CMIP6/CMIP/KIOST/KIOST-ESM/piControl/r1i1p1f1/day/huss/gr1/v20210322/huss_day_KIOST-ESM_piControl_r1i1p1f1_gr1_31890101-33381231.nc,https://esgf.ceda.ac.uk/thredds/dodsC/esg_cmip6/CMIP6/CMIP/KIOST/KIOST-ESM/piControl/r1i1p1f1/day/huss/gr1/v20210322/huss_day_KIOST-ESM_piControl_r1i1p1f1_gr1_31890101-33381231.nc,1,1,1,1,r1i1p1f1,piControl,huss,gr1,day,3189,3338
25,KIOST-ESM,ps_Amon_KIOST-ESM_piControl_r1i1p1f1_gr1_318901-333812.nc,https://esgf-data1.llnl.gov/thredds/fileServer/css03_data/CMIP6/CMIP/KIOST/KIOST-ESM/piControl/r1i1p1f1/Amon/ps/gr1/v20210329/ps_Amon_KIOST-ESM_piControl_r1i1p1f1_gr1_318901-333812.nc,https://esgf-data1.llnl.gov/thredds/dodsC/css03_data/CMIP6/CMIP/KIOST/KIOST-ESM/piControl/r1i1p1f1/Amon/ps/gr1/v20210329/ps_Amon_KIOST-ESM_piControl_r1i1p1f1_gr1_318901-333812.nc,1,1,1,1,r1i1p1f1,piControl,ps,gr1,mon,3189,3338
26,KIOST-ESM,ps_Amon_KIOST-ESM_piControl_r1i1p1f1_gr1_268901-318812.nc,https://esgf-data1.llnl.gov/thredds/fileServer/css03_data/CMIP6/CMIP/KIOST/KIOST-ESM/piControl/r1i1p1f1/Amon/ps/gr1/v20191106/ps_Amon_KIOST-ESM_piControl_r1i1p1f1_gr1_268901-318812.nc,https://esgf-data1.llnl.gov/thredds/dodsC/css03_data/CMIP6/CMIP/KIOST/KIOST-ESM/piControl/r1i1p1f1/Amon/ps/gr1/v20191106/ps_Amon_KIOST-ESM_piControl_r1i1p1f1_gr1_268901-318812.nc,1,1,1,1,r1i1p1f1,piControl,ps,gr1,mon,2689,3188
27,KIOST-ESM,ps_Amon_KIOST-ESM_piControl_r1i1p1f1_gr1_318901-333812.nc,http://polaris.pknu.ac.kr/thredds/fileServer/cmip6/CMIP6/CMIP/KIOST/KIOST-ESM/piControl/r1i1p1f1/Amon/ps/gr1/v20210329/ps_Amon_KIOST-ESM_piControl_r1i1p1f1_gr1_318901-333812.nc,http://polaris.pknu.ac.kr/thredds/dodsC/cmip6/CMIP6/CMIP/KIOST/KIOST-ESM/piControl/r1i1p1f1/Amon/ps/gr1/v20210329/ps_Amon_KIOST-ESM_piControl_r1i1p1f1_gr1_318901-333812.nc,1,1,1,1,r1i1p1f1,piControl,ps,gr1,mon,3189,3338
28,KIOST-ESM,ps_Amon_KIOST-ESM_piControl_r1i1p1f1_gr1_268901-318812.nc,http://polaris.pknu.ac.kr/thredds/fileServer/cmip6/CMIP6/CMIP/KIOST/KIOST-ESM/piControl/r1i1p1f1/Amon/ps/gr1/v20191106/ps_Amon_KIOST-ESM_piControl_r1i1p1f1_gr1_268901-318812.nc,http://polaris.pknu.ac.kr/thredds/dodsC/cmip6/CMIP6/CMIP/KIOST/KIOST-ESM/piControl/r1i1p1f1/Amon/ps/gr1/v20191106/ps_Amon_KIOST-ESM_piControl_r1i1p1f1_gr1_268901-318812.nc,1,1,1,1,r1i1p1f1,piControl,ps,gr1,mon,2689,3188
29,KIOST-ESM,ps_Amon_KIOST-ESM_piControl_r1i1p1f1_gr1_318901-333812.nc,http://esgf-data04.diasjp.net/thredds/fileServer/esg_dataroot/CMIP6/CMIP/KIOST/KIOST-ESM/piControl/r1i1p1f1/Amon/ps/gr1/v20210329/ps_Amon_KIOST-ESM_piControl_r1i1p1f1_gr1_318901-333812.nc,http://esgf-data04.diasjp.net/thredds/dodsC/esg_dataroot/CMIP6/CMIP/KIOST/KIOST-ESM/piControl/r1i1p1f1/Amon/ps/gr1/v20210329/ps_Amon_KIOST-ESM_piControl_r1i1p1f1_gr1_318901-333812.nc,1,1,1,1,r1i1p1f1,piControl,ps,gr1,mon,3189,3338
30,KIOST-ESM,ps_Amon_KIOST-ESM_piControl_r1i1p1f1_gr1_268901-318812.nc,https://esgf.ceda.ac.uk/thredds/fileServer/esg_cmip6/CMIP6/CMIP/KIOST/KIOST-ESM/piControl/r1i1p1f1/Amon/ps/gr1/v20191106/ps_Amon_KIOST-ESM_piControl_r1i1p1f1_gr1_268901-318812.nc,https://esgf.ceda.ac.uk/thredds/dodsC/esg_cmip6/CMIP6/CMIP/KIOST/KIOST-ESM/piControl/r1i1p1f1/Amon/ps/gr1/v20191106/ps_Amon_KIOST-ESM_piControl_r1i1p1f1_gr1_268901-318812.nc,1,1,1,1,r1i1p1f1,piControl,ps,gr1,mon,2689,3188
31,KIOST-ESM,ps_Amon_KIOST-ESM_piControl_r1i1p1f1_gr1_268901-318812.nc,http://esgf.nci.org.au/thredds/fileServer/replica/CMIP6/CMIP/KIOST/KIOST-ESM/piControl/r1i1p1f1/Amon/ps/gr1/v20191106/ps_Amon_KIOST-ESM_piControl_r1i1p1f1_gr1_268901-318812.nc,http://esgf.nci.org.au/thredds/dodsC/replica/CMIP6/CMIP/KIOST/KIOST-ESM/piControl/r1i1p1f1/Amon/ps/gr1/v20191106/ps_Amon_KIOST-ESM_piControl_r1i1p1f1_gr1_268901-318812.nc,1,1,1,1,r1i1p1f1,piControl,ps,gr1,mon,2689,3188
32,KIOST-ESM,tas_day_KIOST-ESM_historical_r1i1p1f1_gr1_18500101-20141231.nc,http://esgf-data04.diasjp.net/thredds/fileServer/esg_dataroot/CMIP6/CMIP/KIOST/KIOST-ESM/historical/r1i1p1f1/day/tas/gr1/v20210601/tas_day_KIOST-ESM_historical_r1i1p1f1_gr1_18500101-20141231.nc,http://esgf-data04.diasjp.net/thredds/dodsC/esg_dataroot/CMIP6/CMIP/KIOST/KIOST-ESM/historical/r1i1p1f1/day/tas/gr1/v20210601/tas_day_KIOST-ESM_historical_r1i1p1f1_gr1_18500101-20141231.nc,1,1,1,1,r1i1p1f1,historical,tas,gr1,day,1850,2014
33,KIOST-ESM,tas_day_KIOST-ESM_historical_r1i1p1f1_gr1_18500101-20141231.nc,https://esgf-data1.llnl.gov/thredds/fileServer/css03_data/CMIP6/CMIP/KIOST/KIOST-ESM/historical/r1i1p1f1/day/tas/gr1/v20191202/tas_day_KIOST-ESM_historical_r1i1p1f1_gr1_18500101-20141231.nc,https://esgf-data1.llnl.gov/thredds/dodsC/css03_data/CMIP6/CMIP/KIOST/KIOST-ESM/historical/r1i1p1f1/day/tas/gr1/v20191202/tas_day_KIOST-ESM_historical_r1i1p1f1_gr1_18500101-20141231.nc,1,1,1,1,r1i1p1f1,historical,tas,gr1,day,1850,2014
34,KIOST-ESM,tas_day_KIOST-ESM_historical_r1i1p1f1_gr1_18500101-20141231.nc,https://esgf-data1.llnl.gov/thredds/fileServer/css03_data/CMIP6/CMIP/KIOST/KIOST-ESM/historical/r1i1p1f1/day/tas/gr1/v20210601/tas_day_KIOST-ESM_historical_r1i1p1f1_gr1_18500101-20141231.nc,https://esgf-data1.llnl.gov/thredds/dodsC/css03_data/CMIP6/CMIP/KIOST/KIOST-ESM/historical/r1i1p1f1/day/tas/gr1/v20210601/tas_day_KIOST-ESM_historical_r1i1p1f1_gr1_18500101-20141231.nc,1,1,1,1,r1i1p1f1,historical,tas,gr1,day,1850,2014
35,KIOST-ESM,tas_day_KIOST-ESM_historical_r1i1p1f1_gr1_18500101-20141231.nc,http://polaris.pknu.ac.kr/thredds/fileServer/cmip6/CMIP6/CMIP/KIOST/KIOST-ESM/historical/r1i1p1f1/day/tas/gr1/v20210601/tas_day_KIOST-ESM_historical_r1i1p1f1_gr1_18500101-20141231.nc,http://polaris.pknu.ac.kr/thredds/dodsC/cmip6/CMIP6/CMIP/KIOST/KIOST-ESM/historical/r1i1p1f1/day/tas/gr1/v20210601/tas_day_KIOST-ESM_historical_r1i1p1f1_gr1_18500101-20141231.nc,1,1,1,1,r1i1p1f1,historical,tas,gr1,day,1850,2014
36,KIOST-ESM,tas_day_KIOST-ESM_historical_r1i1p1f1_gr1_18500101-20141231.nc,https://esgf.ceda.ac.uk/thredds/fileServer/esg_cmip6/CMIP6/CMIP/KIOST/KIOST-ESM/historical/r1i1p1f1/day/tas/gr1/v20191202/tas_day_KIOST-ESM_historical_r1i1p1f1_gr1_18500101-20141231.nc,https://esgf.ceda.ac.uk/thredds/dodsC/esg_cmip6/CMIP6/CMIP/KIOST/KIOST-ESM/historical/r1i1p1f1/day/tas/gr1/v20191202/tas_day_KIOST-ESM_historical_r1i1p1f1_gr1_18500101-20141231.nc,1,1,1,1,r1i1p1f1,historical,tas,gr1,day,1850,2014
37,KIOST-ESM,tas_day_KIOST-ESM_historical_r1i1p1f1_gr1_18500101-20141231.nc,http://esgf.nci.org.au/thredds/fileServer/replica/CMIP6/CMIP/KIOST/KIOST-ESM/historical/r1i1p1f1/day/tas/gr1/v20191202/tas_day_KIOST-ESM_historical_r1i1p1f1_gr1_18500101-20141231.nc,http://esgf.nci.org.au/thredds/dodsC/replica/CMIP6/CMIP/KIOST/KIOST-ESM/historical/r1i1p1f1/day/tas/gr1/v20191202/tas_day_KIOST-ESM_historical_r1i1p1f1_gr1_18500101-20141231.nc,1,1,1,1,r1i1p1f1,historical,tas,gr1,day,1850,2014
38,KIOST-ESM,huss_day_KIOST-ESM_historical_r1i1p1f1_gr1_18500101-20141231.nc,http://esgf-data04.diasjp.net/thredds/fileServer/esg_dataroot/CMIP6/CMIP/KIOST/KIOST-ESM/historical/r1i1p1f1/day/huss/gr1/v20210601/huss_day_KIOST-ESM_historical_r1i1p1f1_gr1_18500101-20141231.nc,http://esgf-data04.diasjp.net/thredds/dodsC/esg_dataroot/CMIP6/CMIP/KIOST/KIOST-ESM/historical/r1i1p1f1/day/huss/gr1/v20210601/huss_day_KIOST-ESM_historical_r1i1p1f1_gr1_18500101-20141231.nc,1,1,1,1,r1i1p1f1,historical,huss,gr1,day,1850,2014
39,KIOST-ESM,huss_day_KIOST-ESM_historical_r1i1p1f1_gr1_18500101-20141231.nc,https://esgf-data1.llnl.gov/thredds/fileServer/css03_data/CMIP6/CMIP/KIOST/KIOST-ESM/historical/r1i1p1f1/day/huss/gr1/v20191202/huss_day_KIOST-ESM_historical_r1i1p1f1_gr1_18500101-20141231.nc,https://esgf-data1.llnl.gov/thredds/dodsC/css03_data/CMIP6/CMIP/KIOST/KIOST-ESM/historical/r1i1p1f1/day/huss/gr1/v20191202/huss_day_KIOST-ESM_historical_r1i1p1f1_gr1_18500101-20141231.nc,1,1,1,1,r1i1p1f1,historical,huss,gr1,day,1850,2014
40,KIOST-ESM,huss_day_KIOST-ESM_historical_r1i1p1f1_gr1_18500101-20141231.nc,https://esgf-data1.llnl.gov/thredds/fileServer/css03_data/CMIP6/CMIP/KIOST/KIOST-ESM/historical/r1i1p1f1/day/huss/gr1/v20210601/huss_day_KIOST-ESM_historical_r1i1p1f1_gr1_18500101-20141231.nc,https://esgf-data1.llnl.gov/thredds/dodsC/css03_data/CMIP6/CMIP/KIOST/KIOST-ESM/historical/r1i1p1f1/day/huss/gr1/v20210601/huss_day_KIOST-ESM_historical_r1i1p1f1_gr1_18500101-20141231.nc,1,1,1,1,r1i1p1f1,historical,huss,gr1,day,1850,2014
41,KIOST-ESM,huss_day_KIOST-ESM_historical_r1i1p1f1_gr1_18500101-20141231.nc,http://polaris.pknu.ac.kr/thredds/fileServer/cmip6/CMIP6/CMIP/KIOST/KIOST-ESM/historical/r1i1p1f1/day/huss/gr1/v20210601/huss_day_KIOST-ESM_historical_r1i1p1f1_gr1_18500101-20141231.nc,http://polaris.pknu.ac.kr/thredds/dodsC/cmip6/CMIP6/CMIP/KIOST/KIOST-ESM/historical/r1i1p1f1/day/huss/gr1/v20210601/huss_day_KIOST-ESM_historical_r1i1p1f1_gr1_18500101-20141231.nc,1,1,1,1,r1i1p1f1,historical,huss,gr1,day,1850,2014
42,KIOST-ESM,huss_day_KIOST-ESM_historical_r1i1p1f1_gr1_18500101-20141231.nc,https://esgf.ceda.ac.uk/thredds/fileServer/esg_cmip6/CMIP6/CMIP/KIOST/KIOST-ESM/historical/r1i1p1f1/day/huss/gr1/v20191202/huss_day_KIOST-ESM_historical_r1i1p1f1_gr1_18500101-20141231.nc,https://esgf.ceda.ac.uk/thredds/dodsC/esg_cmip6/CMIP6/CMIP/KIOST/KIOST-ESM/historical/r1i1p1f1/day/huss/gr1/v20191202/huss_day_KIOST-ESM_historical_r1i1p1f1_gr1_18500101-20141231.nc,1,1,1,1,r1i1p1f1,historical,huss,gr1,day,1850,2014
43,KIOST-ESM,ps_Amon_KIOST-ESM_historical_r1i1p1f1_gr1_185001-201412.nc,http://esgf-data04.diasjp.net/thredds/fileServer/esg_dataroot/CMIP6/CMIP/KIOST/KIOST-ESM/historical/r1i1p1f1/Amon/ps/gr1/v20210601/ps_Amon_KIOST-ESM_historical_r1i1p1f1_gr1_185001-201412.nc,http://esgf-data04.diasjp.net/thredds/dodsC/esg_dataroot/CMIP6/CMIP/KIOST/KIOST-ESM/historical/r1i1p1f1/Amon/ps/gr1/v20210601/ps_Amon_KIOST-ESM_historical_r1i1p1f1_gr1_185001-201412.nc,1,1,1,1,r1i1p1f1,historical,ps,gr1,mon,1850,2014
44,KIOST-ESM,ps_Amon_KIOST-ESM_historical_r1i1p1f1_gr1_185001-201412.nc,https://esgf-data1.llnl.gov/thredds/fileServer/css03_data/CMIP6/CMIP/KIOST/KIOST-ESM/historical/r1i1p1f1/Amon/ps/gr1/v20191106/ps_Amon_KIOST-ESM_historical_r1i1p1f1_gr1_185001-201412.nc,https://esgf-data1.llnl.gov/thredds/dodsC/css03_data/CMIP6/CMIP/KIOST/KIOST-ESM/historical/r1i1p1f1/Amon/ps/gr1/v20191106/ps_Amon_KIOST-ESM_historical_r1i1p1f1_gr1_185001-201412.nc,1,1,1,1,r1i1p1f1,historical,ps,gr1,mon,1850,2014
45,KIOST-ESM,ps_Amon_KIOST-ESM_historical_r1i1p1f1_gr1_185001-201412.nc,https://esgf-data1.llnl.gov/thredds/fileServer/css03_data/CMIP6/CMIP/KIOST/KIOST-ESM/historical/r1i1p1f1/Amon/ps/gr1/v20210601/ps_Amon_KIOST-ESM_historical_r1i1p1f1_gr1_185001-201412.nc,https://esgf-data1.llnl.gov/thredds/dodsC/css03_data/CMIP6/CMIP/KIOST/KIOST-ESM/historical/r1i1p1f1/Amon/ps/gr1/v20210601/ps_Amon_KIOST-ESM_historical_r1i1p1f1_gr1_185001-201412.nc,1,1,1,1,r1i1p1f1,historical,ps,gr1,mon,1850,2014
46,KIOST-ESM,ps_Amon_KIOST-ESM_historical_r1i1p1f1_gr1_185001-201412.nc,http://polaris.pknu.ac.kr/thredds/fileServer/cmip6/CMIP6/CMIP/KIOST/KIOST-ESM/historical/r1i1p1f1/Amon/ps/gr1/v20210601/ps_Amon_KIOST-ESM_historical_r1i1p1f1_gr1_185001-201412.nc,http://polaris.pknu.ac.kr/thredds/dodsC/cmip6/CMIP6/CMIP/KIOST/KIOST-ESM/historical/r1i1p1f1/Amon/ps/gr1/v20210601/ps_Amon_KIOST-ESM_historical_r1i1p1f1_gr1_185001-201412.nc,1,1,1,1,r1i1p1f1,historical,ps,gr1,mon,1850,2014
47,KIOST-ESM,ps_Amon_KIOST-ESM_historical_r1i1p1f1_gr1_185001-201412.nc,https://esgf.ceda.ac.uk/thredds/fileServer/esg_cmip6/CMIP6/CMIP/KIOST/KIOST-ESM/historical/r1i1p1f1/Amon/ps/gr1/v20191106/ps_Amon_KIOST-ESM_historical_r1i1p1f1_gr1_185001-201412.nc,https://esgf.ceda.ac.uk/thredds/dodsC/esg_cmip6/CMIP6/CMIP/KIOST/KIOST-ESM/historical/r1i1p1f1/Amon/ps/gr1/v20191106/ps_Amon_KIOST-ESM_historical_r1i1p1f1_gr1_185001-201412.nc,1,1,1,1,r1i1p1f1,historical,ps,gr1,mon,1850,2014
48,KIOST-ESM,ps_Amon_KIOST-ESM_historical_r1i1p1f1_gr1_185001-201412.nc,http://esgf.nci.org.au/thredds/fileServer/replica/CMIP6/CMIP/KIOST/KIOST-ESM/historical/r1i1p1f1/Amon/ps/gr1/v20191106/ps_Amon_KIOST-ESM_historical_r1i1p1f1_gr1_185001-201412.nc,http://esgf.nci.org.au/thredds/dodsC/replica/CMIP6/CMIP/KIOST/KIOST-ESM/historical/r1i1p1f1/Amon/ps/gr1/v20191106/ps_Amon_KIOST-ESM_historical_r1i1p1f1_gr1_185001-201412.nc,1,1,1,1,r1i1p1f1,historical,ps,gr1,mon,1850,2014
49,KIOST-ESM,tas_day_KIOST-ESM_ssp245_r1i1p1f1_gr1_20150101-21001231.nc,http://esgf-data04.diasjp.net/thredds/fileServer/esg_dataroot/CMIP6/ScenarioMIP/KIOST/KIOST-ESM/ssp245/r1i1p1f1/day/tas/gr1/v20210601/tas_day_KIOST-ESM_ssp245_r1i1p1f1_gr1_20150101-21001231.nc,http://esgf-data04.diasjp.net/thredds/dodsC/esg_dataroot/CMIP6/ScenarioMIP/KIOST/KIOST-ESM/ssp245/r1i1p1f1/day/tas/gr1/v20210601/tas_day_KIOST-ESM_ssp245_r1i1p1f1_gr1_20150101-21001231.nc,1,1,1,1,r1i1p1f1,ssp245,tas,gr1,day,2015,2100
50,KIOST-ESM,tas_day_KIOST-ESM_ssp245_r1i1p1f1_gr1_20150101-21001231.nc,http://polaris.pknu.ac.kr/thredds/fileServer/cmip6/CMIP6/ScenarioMIP/KIOST/KIOST-ESM/ssp245/r1i1p1f1/day/tas/gr1/v20210601/tas_day_KIOST-ESM_ssp245_r1i1p1f1_gr1_20150101-21001231.nc,http://polaris.pknu.ac.kr/thredds/dodsC/cmip6/CMIP6/ScenarioMIP/KIOST/KIOST-ESM/ssp245/r1i1p1f1/day/tas/gr1/v20210601/tas_day_KIOST-ESM_ssp245_r1i1p1f1_gr1_20150101-21001231.nc,1,1,1,1,r1i1p1f1,ssp245,tas,gr1,day,2015,2100
51,KIOST-ESM,tas_day_KIOST-ESM_ssp245_r1i1p1f1_gr1_20150101-21001231.nc,https://esgf-data1.llnl.gov/thredds/fileServer/css03_data/CMIP6/ScenarioMIP/KIOST/KIOST-ESM/ssp245/r1i1p1f1/day/tas/gr1/v20210601/tas_day_KIOST-ESM_ssp245_r1i1p1f1_gr1_20150101-21001231.nc,https://esgf-data1.llnl.gov/thredds/dodsC/css03_data/CMIP6/ScenarioMIP/KIOST/KIOST-ESM/ssp245/r1i1p1f1/day/tas/gr1/v20210601/tas_day_KIOST-ESM_ssp245_r1i1p1f1_gr1_20150101-21001231.nc,1,1,1,1,r1i1p1f1,ssp245,tas,gr1,day,2015,2100
52,KIOST-ESM,tas_day_KIOST-ESM_ssp245_r1i1p1f1_gr1_20150101-21001231.nc,https://esgf-data1.llnl.gov/thredds/fileServer/css03_data/CMIP6/ScenarioMIP/KIOST/KIOST-ESM/ssp245/r1i1p1f1/day/tas/gr1/v20191202/tas_day_KIOST-ESM_ssp245_r1i1p1f1_gr1_20150101-21001231.nc,https://esgf-data1.llnl.gov/thredds/dodsC/css03_data/CMIP6/ScenarioMIP/KIOST/KIOST-ESM/ssp245/r1i1p1f1/day/tas/gr1/v20191202/tas_day_KIOST-ESM_ssp245_r1i1p1f1_gr1_20150101-21001231.nc,1,1,1,1,r1i1p1f1,ssp245,tas,gr1,day,2015,2100
53,KIOST-ESM,tas_day_KIOST-ESM_ssp245_r1i1p1f1_gr1_20150101-21001231.nc,https://esgf.ceda.ac.uk/thredds/fileServer/esg_cmip6/CMIP6/ScenarioMIP/KIOST/KIOST-ESM/ssp245/r1i1p1f1/day/tas/gr1/v20191202/tas_day_KIOST-ESM_ssp245_r1i1p1f1_gr1_20150101-21001231.nc,https://esgf.ceda.ac.uk/thredds/dodsC/esg_cmip6/CMIP6/ScenarioMIP/KIOST/KIOST-ESM/ssp245/r1i1p1f1/day/tas/gr1/v20191202/tas_day_KIOST-ESM_ssp245_r1i1p1f1_gr1_20150101-21001231.nc,1,1,1,1,r1i1p1f1,ssp245,tas,gr1,day,2015,2100
54,KIOST-ESM,tas_day_KIOST-ESM_ssp245_r1i1p1f1_gr1_20150101-21001231.nc,http://esgf.nci.org.au/thredds/fileServer/replica/CMIP6/ScenarioMIP/KIOST/KIOST-ESM/ssp245/r1i1p1f1/day/tas/gr1/v20191202/tas_day_KIOST-ESM_ssp245_r1i1p1f1_gr1_20150101-21001231.nc,http://esgf.nci.org.au/thredds/dodsC/replica/CMIP6/ScenarioMIP/KIOST/KIOST-ESM/ssp245/r1i1p1f1/day/tas/gr1/v20191202/tas_day_KIOST-ESM_ssp245_r1i1p1f1_gr1_20150101-21001231.nc,1,1,1,1,r1i1p1f1,ssp245,tas,gr1,day,2015,2100
55,KIOST-ESM,huss_day_KIOST-ESM_ssp245_r1i1p1f1_gr1_20150101-21001231.nc,http://esgf-data04.diasjp.net/thredds/fileServer/esg_dataroot/CMIP6/ScenarioMIP/KIOST/KIOST-ESM/ssp245/r1i1p1f1/day/huss/gr1/v20210601/huss_day_KIOST-ESM_ssp245_r1i1p1f1_gr1_20150101-21001231.nc,http://esgf-data04.diasjp.net/thredds/dodsC/esg_dataroot/CMIP6/ScenarioMIP/KIOST/KIOST-ESM/ssp245/r1i1p1f1/day/huss/gr1/v20210601/huss_day_KIOST-ESM_ssp245_r1i1p1f1_gr1_20150101-21001231.nc,1,1,1,1,r1i1p1f1,ssp245,huss,gr1,day,2015,2100
56,KIOST-ESM,huss_day_KIOST-ESM_ssp245_r1i1p1f1_gr1_20150101-21001231.nc,http://polaris.pknu.ac.kr/thredds/fileServer/cmip6/CMIP6/ScenarioMIP/KIOST/KIOST-ESM/ssp245/r1i1p1f1/day/huss/gr1/v20210601/huss_day_KIOST-ESM_ssp245_r1i1p1f1_gr1_20150101-21001231.nc,http://polaris.pknu.ac.kr/thredds/dodsC/cmip6/CMIP6/ScenarioMIP/KIOST/KIOST-ESM/ssp245/r1i1p1f1/day/huss/gr1/v20210601/huss_day_KIOST-ESM_ssp245_r1i1p1f1_gr1_20150101-21001231.nc,1,1,1,1,r1i1p1f1,ssp245,huss,gr1,day,2015,2100
57,KIOST-ESM,huss_day_KIOST-ESM_ssp245_r1i1p1f1_gr1_20150101-21001231.nc,https://esgf-data1.llnl.gov/thredds/fileServer/css03_data/CMIP6/ScenarioMIP/KIOST/KIOST-ESM/ssp245/r1i1p1f1/day/huss/gr1/v20210601/huss_day_KIOST-ESM_ssp245_r1i1p1f1_gr1_20150101-21001231.nc,https://esgf-data1.llnl.gov/thredds/dodsC/css03_data/CMIP6/ScenarioMIP/KIOST/KIOST-ESM/ssp245/r1i1p1f1/day/huss/gr1/v20210601/huss_day_KIOST-ESM_ssp245_r1i1p1f1_gr1_20150101-21001231.nc,1,1,1,1,r1i1p1f1,ssp245,huss,gr1,day,2015,2100
58,KIOST-ESM,huss_day_KIOST-ESM_ssp245_r1i1p1f1_gr1_20150101-21001231.nc,https://esgf-data1.llnl.gov/thredds/fileServer/css03_data/CMIP6/ScenarioMIP/KIOST/KIOST-ESM/ssp245/r1i1p1f1/day/huss/gr1/v20191202/huss_day_KIOST-ESM_ssp245_r1i1p1f1_gr1_20150101-21001231.nc,https://esgf-data1.llnl.gov/thredds/dodsC/css03_data/CMIP6/ScenarioMIP/KIOST/KIOST-ESM/ssp245/r1i1p1f1/day/huss/gr1/v20191202/huss_day_KIOST-ESM_ssp245_r1i1p1f1_gr1_20150101-21001231.nc,1,1,1,1,r1i1p1f1,ssp245,huss,gr1,day,2015,2100
59,KIOST-ESM,huss_day_KIOST-ESM_ssp245_r1i1p1f1_gr1_20150101-21001231.nc,https://esgf.ceda.ac.uk/thredds/fileServer/esg_cmip6/CMIP6/ScenarioMIP/KIOST/KIOST-ESM/ssp245/r1i1p1f1/day/huss/gr1/v20191202/huss_day_KIOST-ESM_ssp245_r1i1p1f1_gr1_20150101-21001231.nc,https://esgf.ceda.ac.uk/thredds/dodsC/esg_cmip6/CMIP6/ScenarioMIP/KIOST/KIOST-ESM/ssp245/r1i1p1f1/day/huss/gr1/v20191202/huss_day_KIOST-ESM_ssp245_r1i1p1f1_gr1_20150101-21001231.nc,1,1,1,1,r1i1p1f1,ssp245,huss,gr1,day,2015,2100
60,KIOST-ESM,ps_Amon_KIOST-ESM_ssp245_r1i1p1f1_gr1_201501-210012.nc,http://esgf-data04.diasjp.net/thredds/fileServer/esg_dataroot/CMIP6/ScenarioMIP/KIOST/KIOST-ESM/ssp245/r1i1p1f1/Amon/ps/gr1/v20210601/ps_Amon_KIOST-ESM_ssp245_r1i1p1f1_gr1_201501-210012.nc,http://esgf-data04.diasjp.net/thredds/dodsC/esg_dataroot/CMIP6/ScenarioMIP/KIOST/KIOST-ESM/ssp245/r1i1p1f1/Amon/ps/gr1/v20210601/ps_Amon_KIOST-ESM_ssp245_r1i1p1f1_gr1_201501-210012.nc,1,1,1,1,r1i1p1f1,ssp245,ps,gr1,mon,2015,2100
61,KIOST-ESM,ps_Amon_KIOST-ESM_ssp245_r1i1p1f1_gr1_201501-210012.nc,http://polaris.pknu.ac.kr/thredds/fileServer/cmip6/CMIP6/ScenarioMIP/KIOST/KIOST-ESM/ssp245/r1i1p1f1/Amon/ps/gr1/v20210601/ps_Amon_KIOST-ESM_ssp245_r1i1p1f1_gr1_201501-210012.nc,http://polaris.pknu.ac.kr/thredds/dodsC/cmip6/CMIP6/ScenarioMIP/KIOST/KIOST-ESM/ssp245/r1i1p1f1/Amon/ps/gr1/v20210601/ps_Amon_KIOST-ESM_ssp245_r1i1p1f1_gr1_201501-210012.nc,1,1,1,1,r1i1p1f1,ssp245,ps,gr1,mon,2015,2100
62,KIOST-ESM,ps_Amon_KIOST-ESM_ssp245_r1i1p1f1_gr1_201501-210012.nc,https://esgf-data1.llnl.gov/thredds/fileServer/css03_data/CMIP6/ScenarioMIP/KIOST/KIOST-ESM/ssp245/r1i1p1f1/Amon/ps/gr1/v20191106/ps_Amon_KIOST-ESM_ssp245_r1i1p1f1_gr1_201501-210012.nc,https://esgf-data1.llnl.gov/thredds/dodsC/css03_data/CMIP6/ScenarioMIP/KIOST/KIOST-ESM/ssp245/r1i1p1f1/Amon/ps/gr1/v20191106/ps_Amon_KIOST-ESM_ssp245_r1i1p1f1_gr1_201501-210012.nc,1,1,1,1,r1i1p1f1,ssp245,ps,gr1,mon,2015,2100
63,KIOST-ESM,ps_Amon_KIOST-ESM_ssp245_r1i1p1f1_gr1_201501-210012.nc,https://esgf-data1.llnl.gov/thredds/fileServer/css03_data/CMIP6/ScenarioMIP/KIOST/KIOST-ESM/ssp245/r1i1p1f1/Amon/ps/gr1/v20210601/ps_Amon_KIOST-ESM_ssp245_r1i1p1f1_gr1_201501-210012.nc,https://esgf-data1.llnl.gov/thredds/dodsC/css03_data/CMIP6/ScenarioMIP/KIOST/KIOST-ESM/ssp245/r1i1p1f1/Amon/ps/gr1/v20210601/ps_Amon_KIOST-ESM_ssp245_r1i1p1f1_gr1_201501-210012.nc,1,1,1,1,r1i1p1f1,ssp245,ps,gr1,mon,2015,2100
64,KIOST-ESM,ps_Amon_KIOST-ESM_ssp245_r1i1p1f1_gr1_201501-210012.nc,https://esgf.ceda.ac.uk/thredds/fileServer/esg_cmip6/CMIP6/ScenarioMIP/KIOST/KIOST-ESM/ssp245/r1i1p1f1/Amon/ps/gr1/v20191106/ps_Amon_KIOST-ESM_ssp245_r1i1p1f1_gr1_201501-210012.nc,https://esgf.ceda.ac.uk/thredds/dodsC/esg_cmip6/CMIP6/ScenarioMIP/KIOST/KIOST-ESM/ssp245/r1i1p1f1/Amon/ps/gr1/v20191106/ps_Amon_KIOST-ESM_ssp245_r1i1p1f1_gr1_201501-210012.nc,1,1,1,1,r1i1p1f1,ssp245,ps,gr1,mon,2015,2100
65,KIOST-ESM,ps_Amon_KIOST-ESM_ssp245_r1i1p1f1_gr1_201501-210012.nc,http://esgf.nci.org.au/thredds/fileServer/replica/CMIP6/ScenarioMIP/KIOST/KIOST-ESM/ssp245/r1i1p1f1/Amon/ps/gr1/v20191106/ps_Amon_KIOST-ESM_ssp245_r1i1p1f1_gr1_201501-210012.nc,http://esgf.nci.org.au/thredds/dodsC/replica/CMIP6/ScenarioMIP/KIOST/KIOST-ESM/ssp245/r1i1p1f1/Amon/ps/gr1/v20191106/ps_Amon_KIOST-ESM_ssp245_r1i1p1f1_gr1_201501-210012.nc,1,1,1,1,r1i1p1f1,ssp245,ps,gr1,mon,2015,2100
